{
  "questions": [
    {
      "body": "What is your full name?",
      "type": "voice"
    },
    {
      "body": "In a scale of 1 to 9, how would you rate the quality of this call?",
      "type": "numeric"
    },
    {
      "body": "Are you more than 21 years old?",
      "type": "yesno"
    },
    {
      "body": "What is the model of the phone you own, if you own one?",
      "type": "voice"
    },
    {
      "body": "Name a Java based framework you know about?",
      "type": "voice"
    }
  ],
  "title": "Servlets"
}